# system_capacity,LCOW,Total CAPEX,Total OPEX,Total fixed OPEX,Opex_fraction,SEC,O3:TOC,HRT_ozone,EBCT_BAC,EBCT_GAC,Replacement_Frequency,UV dose,H2O2 dose,Cl dose,HRT_Cl,Ozone CAPEX,BAF CAPEX,UF CAPEX,GAC CAPEX,UV_AOP CAPEX,Cl CAPEX,Ozone electricity cost,Ozone flow cost total,BAF electricity cost,BAF activated_carbon cost,BAF flow cost total,UF electricity cost,UF membrane_replacement cost,UF flow cost total,GAC electricity cost,GAC activated_carbon cost,GAC flow cost total,UV_AOP electricity cost,UV_AOP lamp_replacement cost,UV_AOP hydrogen_peroxide cost,UV_AOP hypochlorite cost,UV_AOP flow cost total,Cl electricity cost,Cl chlorine cost,Cl flow cost total
4.381264e-02,3.504476e+00,2.638933e+07,1.298584e+06,8.410314e+05,3.297976e+01,2.240536e+00,5.946000e-01,5.000000e+00,3.000000e+01,1.000000e+01,6.838697e-02,3.499998e+03,4.169740e+00,2.102616e-01,3.002102e+01,7.087756e+06,3.586011e+06,3.910806e+06,3.344951e+06,8.459807e+06,3.419078e-61,2.019239e+00,2.019239e+00,3.035041e+00,1.502420e+04,1.502724e+04,1.603610e+01,3.529811e+00,1.956591e+01,2.854553e+00,5.510111e+05,5.510140e+05,1.793070e+00,5.299378e-06,2.271412e-04,3.747829e-04,1.793678e+00,5.186272e-04,2.545272e-06,5.211724e-04
2.606852e-01,1.571311e+00,4.816964e+07,5.687609e+06,4.852418e+06,5.414413e+01,2.248404e+00,6.659787e-01,5.659713e+00,3.000000e+01,1.000000e+01,7.181227e-02,3.499998e+03,4.169740e+00,2.102616e-01,3.002102e+01,9.683400e+06,7.576976e+06,1.160723e+07,6.142666e+06,1.315937e+07,3.925604e-62,1.255227e+01,1.255227e+01,1.805849e+01,8.939400e+04,8.941206e+04,9.541478e+01,2.100237e+01,1.164172e+02,1.698459e+01,3.122137e+06,3.122154e+06,1.066877e+01,3.153130e-05,1.351490e-03,2.229958e-03,1.067238e+01,3.085832e-03,1.514437e-05,3.100976e-03
4.775577e-01,1.350039e+00,6.961164e+07,9.572614e+06,8.365650e+06,5.789732e+01,2.263937e+00,8.068979e-01,7.269387e+00,3.000000e+01,1.000000e+01,7.930692e-02,3.499998e+03,4.169740e+00,2.102616e-01,3.002102e+01,1.491384e+07,1.156794e+07,1.866264e+07,8.940380e+06,1.552685e+07,2.944568e-57,2.493998e+01,2.493998e+01,3.308195e+01,1.637638e+05,1.637969e+05,1.747934e+02,3.847492e+01,2.132683e+02,3.111461e+01,5.179037e+06,5.179068e+06,1.954447e+01,5.776322e-05,2.475839e-03,4.085134e-03,1.955109e+01,5.653036e-03,2.774347e-05,5.680780e-03
6.944303e-01,1.254187e+00,8.872705e+07,1.346254e+07,1.192415e+07,6.027488e+01,2.269051e+00,8.532896e-01,7.966440e+00,3.000000e+01,1.000000e+01,8.201479e-02,3.499997e+03,4.169740e+00,2.102616e-01,3.002102e+01,1.903124e+07,1.555891e+07,2.507703e+07,1.173809e+07,1.732178e+07,2.298723e-59,3.719706e+01,3.719706e+01,4.810540e+01,2.381336e+05,2.381817e+05,2.541721e+02,5.594748e+01,3.101195e+02,4.524464e+01,7.282334e+06,7.282379e+06,2.842017e+01,8.399514e-05,3.600188e-03,5.940309e-03,2.842979e+01,8.220241e-03,4.034257e-05,8.260583e-03
9.113028e-01,1.198166e+00,1.065353e+08,1.734787e+07,1.550070e+07,6.195357e+01,2.271474e+00,8.752721e-01,8.354265e+00,3.000000e+01,1.000000e+01,8.334398e-02,3.499997e+03,4.169740e+00,2.102616e-01,3.002102e+01,2.276281e+07,1.954987e+07,3.085041e+07,1.453581e+07,1.883644e+07,2.247448e-62,4.939280e+01,4.939280e+01,6.312885e+01,3.125034e+05,3.125665e+05,3.335507e+02,7.342003e+01,4.069707e+02,5.937466e+01,9.404217e+06,9.404276e+06,3.729587e+01,1.102271e-04,4.724536e-03,7.795485e-03,3.730850e+01,1.078745e-02,5.294167e-05,1.084039e-02
1.128175e+00,1.159976e+00,1.233541e+08,2.122488e+07,1.908610e+07,6.324404e+01,2.272858e+00,8.878300e-01,8.600946e+00,3.000000e+01,1.000000e+01,8.411714e-02,3.499998e+03,4.169740e+00,2.102569e-01,3.000763e+01,2.631590e+07,2.354084e+07,3.598278e+07,1.733352e+07,2.018101e+07,2.804003e-63,6.155681e+01,6.155681e+01,7.815230e+01,3.868732e+05,3.869514e+05,4.129294e+02,9.089258e+01,5.038219e+02,7.350469e+01,1.153523e+07,1.153530e+07,4.617156e+01,1.364590e-04,5.848885e-03,9.650660e-03,4.618720e+01,1.335465e-02,6.553930e-05,1.342019e-02
1.345048e+00,1.131342e+00,1.393192e+08,2.509207e+07,2.267648e+07,6.429910e+01,2.273744e+00,8.958678e-01,8.771561e+00,3.000000e+01,1.000000e+01,8.461741e-02,3.499998e+03,4.169740e+00,2.102569e-01,3.000763e+01,2.977194e+07,2.753180e+07,4.047414e+07,2.013124e+07,2.141005e+07,1.369142e-65,7.370253e+01,7.370253e+01,9.317576e+01,4.612430e+05,4.613362e+05,4.923080e+02,1.083651e+02,6.006731e+02,8.763471e+01,1.367137e+07,1.367146e+07,5.504726e+01,1.626909e-04,6.973234e-03,1.150584e-02,5.506590e+01,1.592185e-02,7.813812e-05,1.599999e-02
1.561920e+00,1.108440e+00,1.545005e+08,2.894874e+07,2.626993e+07,6.520164e+01,2.274356e+00,9.014198e-01,8.896550e+00,3.000000e+01,1.000000e+01,8.496547e-02,3.499997e+03,4.169740e+00,2.102616e-01,3.002102e+01,3.316940e+07,3.152277e+07,4.432449e+07,2.292895e+07,2.255488e+07,8.184101e-65,8.583681e+01,8.583681e+01,1.081992e+02,5.356128e+05,5.357210e+05,5.716866e+02,1.258377e+02,6.975243e+02,1.017647e+02,1.581068e+07,1.581078e+07,6.392296e+01,1.889228e-04,8.097583e-03,1.336101e-02,6.394461e+01,1.848906e-02,9.073896e-05,1.857980e-02
1.778793e+00,1.089254e+00,1.689383e+08,3.279453e+07,2.986539e+07,6.600042e+01,2.274802e+00,9.054701e-01,8.992045e+00,3.000000e+01,1.000000e+01,8.522068e-02,3.499997e+03,4.169741e+00,2.102616e-01,3.002107e+01,3.652884e+07,3.551373e+07,4.753383e+07,2.572666e+07,2.363528e+07,-1.200113e-59,9.796347e+01,9.796347e+01,1.232227e+02,6.099826e+05,6.101058e+05,6.510653e+02,1.433102e+02,7.943755e+02,1.158948e+02,1.795207e+07,1.795219e+07,7.279866e+01,2.151547e-04,9.221932e-03,1.521619e-02,7.282331e+01,2.105626e-02,1.033381e-04,2.115960e-02
1.995666e+00,1.072619e+00,1.826580e+08,3.662927e+07,3.346224e+07,6.672597e+01,2.275142e+00,9.085479e-01,9.067372e+00,3.000000e+01,1.000000e+01,8.541535e-02,3.499997e+03,4.169741e+00,2.102616e-01,3.002102e+01,3.986218e+07,3.950470e+07,5.010215e+07,2.852438e+07,2.466460e+07,0.000000e+00,1.100848e+02,1.100848e+02,1.382461e+02,6.843524e+05,6.844906e+05,7.304439e+02,1.607828e+02,8.912267e+02,1.300248e+02,2.009490e+07,2.009503e+07,8.167436e+01,2.413867e-04,1.034628e-02,1.707136e-02,8.170202e+01,2.362347e-02,1.159372e-04,2.373940e-02
2.212538e+00,1.057813e+00,1.956764e+08,4.045285e+07,3.706011e+07,6.739840e+01,2.275408e+00,9.109621e-01,9.128307e+00,3.000000e+01,1.000000e+01,8.556850e-02,3.499997e+03,4.169741e+00,2.102616e-01,3.002102e+01,4.317685e+07,4.349566e+07,5.202946e+07,3.132209e+07,2.565232e+07,2.103002e-63,1.222023e+02,1.222023e+02,1.532696e+02,7.587222e+05,7.588755e+05,8.098226e+02,1.782553e+02,9.880779e+02,1.441548e+02,2.223878e+07,2.223892e+07,9.055006e+01,2.676186e-04,1.147063e-02,1.892654e-02,9.058072e+01,2.619067e-02,1.285363e-04,2.631921e-02
2.429411e+00,1.044363e+00,2.080053e+08,4.426523e+07,4.065873e+07,6.803152e+01,2.275622e+00,9.129045e-01,9.178620e+00,3.000000e+01,1.000000e+01,8.569199e-02,3.499998e+03,4.169740e+00,2.102569e-01,3.000763e+01,4.647773e+07,4.748663e+07,5.331576e+07,3.411981e+07,2.660541e+07,5.383686e-61,1.343170e+02,1.343170e+02,1.682930e+02,8.330920e+05,8.332603e+05,8.892012e+02,1.957279e+02,1.084929e+03,1.582848e+02,2.438343e+07,2.438359e+07,9.942576e+01,2.938505e-04,1.259498e-02,2.078171e-02,9.945943e+01,2.875788e-02,1.411322e-04,2.889901e-02
2.646283e+00,1.031950e+00,2.196534e+08,4.806639e+07,4.425792e+07,6.863516e+01,2.275798e+00,9.144994e-01,9.220852e+00,3.000000e+01,1.000000e+01,8.579358e-02,3.499998e+03,4.169740e+00,2.102569e-01,3.000763e+01,4.976805e+07,5.147759e+07,5.396105e+07,3.691752e+07,2.752920e+07,-1.472971e-57,1.464294e+02,1.464294e+02,1.833165e+02,9.074618e+05,9.076451e+05,9.685799e+02,2.132005e+02,1.181780e+03,1.724149e+02,2.652867e+07,2.652885e+07,1.083015e+02,3.200824e-04,1.371933e-02,2.263689e-02,1.083381e+02,3.132508e-02,1.537310e-04,3.147881e-02
2.863156e+00,1.020345e+00,2.306271e+08,5.185630e+07,4.785756e+07,6.921648e+01,2.275944e+00,9.158317e-01,9.256809e+00,3.000000e+01,1.000000e+01,8.587859e-02,3.499998e+03,4.169740e+00,2.102569e-01,3.000763e+01,5.305019e+07,5.546856e+07,5.396532e+07,3.971523e+07,2.842780e+07,4.614009e-64,1.585400e+02,1.585400e+02,1.983399e+02,9.818316e+05,9.820299e+05,1.047959e+03,2.306730e+02,1.278632e+03,1.865449e+02,2.867438e+07,2.867457e+07,1.171772e+02,3.463143e-04,1.484367e-02,2.449206e-02,1.172168e+02,3.389229e-02,1.663298e-04,3.405862e-02
3.080028e+00,1.009385e+00,2.409314e+08,5.563496e+07,5.145756e+07,6.978087e+01,2.276069e+00,9.169609e-01,9.287792e+00,3.000000e+01,1.000000e+01,8.595073e-02,3.499998e+03,4.169740e+00,2.102569e-01,3.000763e+01,5.632582e+07,5.945953e+07,5.332858e+07,4.251295e+07,2.930452e+07,5.582352e-63,1.706493e+02,1.706493e+02,2.133634e+02,1.056201e+06,1.056415e+06,1.127337e+03,2.481456e+02,1.375483e+03,2.006749e+02,3.082046e+07,3.082067e+07,1.260529e+02,3.725463e-04,1.596802e-02,2.634724e-02,1.260955e+02,3.645949e-02,1.789287e-04,3.663842e-02
3.296901e+00,9.989461e-01,2.505701e+08,5.940238e+07,5.505786e+07,7.033247e+01,2.276176e+00,9.179294e-01,9.314757e+00,3.000000e+01,1.000000e+01,8.601268e-02,3.499997e+03,4.169741e+00,2.102616e-01,3.002102e+01,5.959614e+07,6.345049e+07,5.205083e+07,4.531066e+07,3.016201e+07,-2.881337e-60,1.827575e+02,1.827575e+02,2.283868e+02,1.130571e+06,1.130800e+06,1.206716e+03,2.656181e+02,1.472334e+03,2.148050e+02,3.296685e+07,3.296707e+07,1.349286e+02,3.987782e-04,1.709237e-02,2.820242e-02,1.349742e+02,3.902669e-02,1.915317e-04,3.921823e-02
3.513773e+00,9.889363e-01,2.595466e+08,6.315854e+07,5.865839e+07,7.087451e+01,2.276268e+00,9.187695e-01,9.338453e+00,3.000000e+01,1.000000e+01,8.606647e-02,3.499997e+03,4.169741e+00,2.102616e-01,3.002102e+01,6.286222e+07,6.744146e+07,5.013207e+07,4.810838e+07,3.100246e+07,0.000000e+00,1.948647e+02,1.948647e+02,2.434103e+02,1.204941e+06,1.205184e+06,1.286094e+03,2.830907e+02,1.569185e+03,2.289350e+02,3.511348e+07,3.511371e+07,1.438043e+02,4.250101e-04,1.821672e-02,3.005759e-02,1.438529e+02,4.159390e-02,2.041308e-04,4.179803e-02
3.730646e+00,9.792831e-01,2.678633e+08,6.690346e+07,6.225910e+07,7.140955e+01,2.276349e+00,9.195053e-01,9.359444e+00,3.000000e+01,1.000000e+01,8.611360e-02,3.499998e+03,4.169740e+00,2.102569e-01,3.000763e+01,6.612484e+07,7.143242e+07,4.757230e+07,5.090609e+07,3.182770e+07,-2.190627e-65,2.069712e+02,2.069712e+02,2.584337e+02,1.279311e+06,1.279569e+06,1.365473e+03,3.005632e+02,1.666036e+03,2.430650e+02,3.726030e+07,3.726054e+07,1.526799e+02,4.512420e-04,1.934107e-02,3.191277e-02,1.527317e+02,4.416110e-02,2.167251e-04,4.437783e-02
3.947519e+00,9.699299e-01,2.755224e+08,7.063714e+07,6.585999e+07,7.193970e+01,2.276421e+00,9.201542e-01,9.378151e+00,3.000000e+01,1.000000e+01,8.615521e-02,3.499998e+03,4.169740e+00,2.102569e-01,3.000763e+01,6.938439e+07,7.542339e+07,4.437152e+07,5.370380e+07,3.263926e+07,1.007090e-63,2.190771e+02,2.190771e+02,2.734572e+02,1.353681e+06,1.353954e+06,1.444852e+03,3.180358e+02,1.762888e+03,2.571950e+02,3.940730e+07,3.940756e+07,1.615556e+02,4.774739e-04,2.046542e-02,3.376794e-02,1.616104e+02,4.672831e-02,2.293239e-04,4.695763e-02
4.164391e+00,9.608315e-01,2.825254e+08,7.435960e+07,6.946102e+07,7.246667e+01,2.276484e+00,9.207309e-01,9.394935e+00,3.000000e+01,1.000000e+01,8.619222e-02,3.499998e+03,4.169740e+00,2.102569e-01,3.000763e+01,7.264141e+07,7.941435e+07,4.052972e+07,5.650152e+07,3.343844e+07,-4.095351e-66,2.311823e+02,2.311823e+02,2.884806e+02,1.428050e+06,1.428339e+06,1.524230e+03,3.355083e+02,1.859739e+03,2.713251e+02,4.155444e+07,4.155472e+07,1.704313e+02,5.037059e-04,2.158977e-02,3.562312e-02,1.704891e+02,4.929551e-02,2.419227e-04,4.953744e-02
4.381264e+00,9.519516e-01,2.888741e+08,7.807083e+07,7.306217e+07,7.299188e+01,2.276541e+00,9.212469e-01,9.410078e+00,3.000000e+01,1.000000e+01,8.622534e-02,3.499998e+03,4.169740e+00,2.102569e-01,3.000763e+01,7.589628e+07,8.340532e+07,3.604691e+07,5.929923e+07,3.422637e+07,-2.368616e-63,2.432872e+02,2.432872e+02,3.035041e+02,1.502420e+06,1.502724e+06,1.603609e+03,3.529809e+02,1.956590e+03,2.854551e+02,4.370172e+07,4.370200e+07,1.793070e+02,5.299378e-04,2.271412e-02,3.747829e-02,1.793678e+02,5.186272e-02,2.545216e-04,5.211724e-02
