# system_capacity,brine_disposal_cost,flowrate_MGD,LCOW,Total CAPEX (MGD),Total OPEX (MGD/year),SEC,Ozone_CAPEX_frac,Ozone_OPEX_frac,BAF_CAPEX_frac,BAF_OPEX_frac,UF_CAPEX_frac,UF_OPEX_frac,UV_AOP_CAPEX_frac,UV_AOP_OPEX_frac,Cl_CAPEX_frac,Cl_OPEX_frac,RO_CAPEX_frac,RO_OPEX_frac,brine_frac,Total_Opex_frac
2.190630e-01,5.000000e-01,5.000000e+00,1.936318e+00,5.398598e+01,2.888099e+00,3.169901e+00,1.224490e+01,3.353622e+00,7.062162e+00,3.260734e+00,1.141551e+01,1.150579e+01,1.140674e+01,3.199725e+00,-6.749200e-65,3.898583e-03,1.840969e+01,1.106290e+01,7.074317e+00,3.238667e+01
2.190630e-01,6.500000e-01,5.000000e+00,1.976916e+00,5.435198e+01,2.911053e+00,3.208813e+00,1.193245e+01,3.268047e+00,6.881955e+00,3.177529e+00,1.112421e+01,1.121220e+01,1.113042e+01,3.126721e+00,0.000000e+00,3.818441e-03,1.832513e+01,1.102278e+01,8.794729e+00,3.181110e+01
2.190630e-01,8.000000e-01,5.000000e+00,2.016600e+00,5.470305e+01,2.933062e+00,3.245873e+00,1.164481e+01,3.189268e+00,6.716060e+00,3.100932e+00,1.085606e+01,1.094192e+01,1.087491e+01,3.058866e+00,0.000000e+00,3.743297e-03,1.824498e+01,1.098424e+01,1.038422e+01,3.127897e+01
2.190630e-01,9.500000e-01,5.000000e+00,2.055475e+00,5.504081e+01,2.954227e+00,3.281301e+00,1.137837e+01,3.116296e+00,6.562392e+00,3.029981e+00,1.060766e+01,1.069156e+01,1.063730e+01,2.995478e+00,4.462803e-69,3.672502e-03,1.816827e+01,1.094685e+01,1.186217e+01,3.078384e+01
2.190630e-01,1.100000e+00,5.000000e+00,2.093623e+00,5.536660e+01,2.974636e+00,3.315275e+00,1.113026e+01,3.048346e+00,6.419301e+00,2.963913e+00,1.037636e+01,1.045843e+01,1.041527e+01,2.936006e+00,7.273691e-64,3.605584e-03,1.809428e+01,1.091033e+01,1.324389e+01,3.032063e+01
2.190630e-01,1.250000e+00,5.000000e+00,2.131198e+00,5.552109e+01,2.984312e+00,3.331322e+00,1.091596e+01,2.989651e+00,6.295700e+00,2.906844e+00,1.017657e+01,1.025706e+01,1.021913e+01,2.882072e+00,-1.553293e-68,3.542014e-03,1.789592e+01,1.079438e+01,1.466316e+01,2.983355e+01
2.190630e-01,1.400000e+00,5.000000e+00,2.168698e+00,5.552109e+01,2.984313e+00,3.331322e+00,1.072720e+01,2.937956e+00,6.186838e+00,2.856580e+00,1.000060e+01,1.007970e+01,1.004243e+01,2.832237e+00,-3.443292e-70,3.480767e-03,1.758648e+01,1.060773e+01,1.613877e+01,2.931769e+01
2.190630e-01,1.550000e+00,5.000000e+00,2.206198e+00,5.552109e+01,2.984313e+00,3.331322e+00,1.054487e+01,2.888017e+00,6.081676e+00,2.808025e+00,9.830618e+00,9.908370e+00,9.871731e+00,2.784096e+00,-1.162200e-69,3.421603e-03,1.728755e+01,1.042742e+01,1.756421e+01,2.881935e+01
2.190630e-01,1.700000e+00,5.000000e+00,2.243698e+00,5.552109e+01,2.984313e+00,3.331322e+00,1.036862e+01,2.839748e+00,5.980030e+00,2.761093e+00,9.666314e+00,9.742766e+00,9.706739e+00,2.737564e+00,3.649052e-68,3.364416e-03,1.699861e+01,1.025315e+01,1.894200e+01,2.833768e+01
2.190630e-01,1.850000e+00,5.000000e+00,2.281199e+00,5.552109e+01,2.984313e+00,3.331322e+00,1.019818e+01,2.793066e+00,5.881726e+00,2.715704e+00,9.507411e+00,9.582607e+00,9.547172e+00,2.692561e+00,7.411367e-69,3.309109e-03,1.671917e+01,1.008460e+01,2.027449e+01,2.787184e+01
2.190630e-01,2.000000e+00,5.000000e+00,2.318699e+00,5.552109e+01,2.984313e+00,3.331322e+00,1.003324e+01,2.747894e+00,5.786601e+00,2.671783e+00,9.353649e+00,9.427628e+00,9.392767e+00,2.649015e+00,2.516047e-69,3.255591e-03,1.644878e+01,9.921499e+00,2.156389e+01,2.742108e+01
6.352827e-01,5.000000e-01,1.450000e+01,1.549757e+00,1.107279e+02,7.485733e+00,3.092250e+00,7.400101e+00,2.838156e+00,6.343861e+00,3.673251e+00,1.143062e+01,1.402102e+01,6.649984e+00,2.679771e+00,1.052340e-66,4.871018e-03,2.228498e+01,1.336357e+01,9.309814e+00,3.658064e+01
6.352827e-01,6.500000e-01,1.450000e+01,1.592395e+00,1.118611e+02,7.557963e+00,3.135322e+00,7.155055e+00,2.744174e+00,6.133791e+00,3.551616e+00,1.105211e+01,1.355673e+01,6.442270e+00,2.602875e+00,-3.130792e-74,4.740490e-03,2.207000e+01,1.325046e+01,1.143618e+01,3.571059e+01
6.352827e-01,8.000000e-01,1.450000e+01,1.633864e+00,1.129424e+02,7.626740e+00,3.175984e+00,6.933949e+00,2.659373e+00,5.944245e+00,3.441864e+00,1.071057e+01,1.313780e+01,6.253748e+00,2.532476e+00,5.015319e-72,4.620173e-03,2.187253e+01,1.314586e+01,1.336296e+01,3.492199e+01
6.352827e-01,9.500000e-01,1.450000e+01,1.674315e+00,1.139781e+02,7.692512e+00,3.214573e+00,6.732677e+00,2.582179e+00,5.771701e+00,3.341956e+00,1.039968e+01,1.275645e+01,6.081265e+00,2.467582e+00,-2.243976e-68,4.508550e-03,2.168906e+01,1.304805e+01,1.512490e+01,3.420072e+01
6.352827e-01,1.100000e+00,1.450000e+01,1.713871e+00,1.149734e+02,7.755631e+00,3.251351e+00,6.548114e+00,2.511394e+00,5.613481e+00,3.250344e+00,1.011459e+01,1.240675e+01,5.922397e+00,2.407421e+00,2.424957e-69,4.404495e-03,2.151705e+01,1.295580e+01,1.674826e+01,3.353611e+01
6.352827e-01,1.250000e+00,1.450000e+01,1.752630e+00,1.159325e+02,7.816384e+00,3.286529e+00,6.377829e+00,2.446085e+00,5.467501e+00,3.165817e+00,9.851558e+00,1.208411e+01,5.775242e+00,2.351376e+00,0.000000e+00,4.307090e-03,2.135457e+01,1.286817e+01,1.825343e+01,3.291987e+01
6.352827e-01,1.400000e+00,1.450000e+01,1.790675e+00,1.168589e+02,7.875003e+00,3.320282e+00,6.219886e+00,2.385509e+00,5.332102e+00,3.087418e+00,9.607592e+00,1.178486e+01,5.638275e+00,2.298944e+00,-6.991937e-57,4.215580e-03,2.120018e+01,1.278446e+01,1.965656e+01,3.234540e+01
6.352827e-01,1.550000e+00,1.450000e+01,1.828211e+00,1.171631e+02,7.894245e+00,3.331322e+00,6.085284e+00,2.333886e+00,5.216713e+00,3.020605e+00,9.399678e+00,1.152983e+01,5.518125e+00,2.250983e+00,-2.443021e-73,4.129028e-03,2.086179e+01,1.258332e+01,2.119565e+01,3.172275e+01
6.352827e-01,1.700000e+00,1.450000e+01,1.865711e+00,1.171631e+02,7.894245e+00,3.331322e+00,5.962972e+00,2.286975e+00,5.111859e+00,2.959892e+00,9.210748e+00,1.129808e+01,5.407213e+00,2.205739e+00,0.000000e+00,4.046036e-03,2.044248e+01,1.233040e+01,2.277959e+01,3.108514e+01
6.352827e-01,1.850000e+00,1.450000e+01,1.903211e+00,1.171631e+02,7.894245e+00,3.331322e+00,5.845480e+00,2.241914e+00,5.011137e+00,2.901571e+00,9.029263e+00,1.107547e+01,5.300671e+00,2.162278e+00,2.114015e-72,3.966315e-03,2.003969e+01,1.208745e+01,2.430111e+01,3.047265e+01
6.352827e-01,2.000000e+00,1.450000e+01,1.940711e+00,1.171631e+02,7.894245e+00,3.331322e+00,5.732529e+00,2.198593e+00,4.914307e+00,2.845504e+00,8.854792e+00,1.086146e+01,5.198247e+00,2.120496e+00,-8.292665e-72,3.889674e-03,1.965246e+01,1.185389e+01,2.576383e+01,2.988383e+01
1.051502e+00,5.000000e-01,2.400000e+01,1.449718e+00,1.637502e+02,1.200866e+01,3.070832e+00,6.133734e+00,2.731669e+00,6.228377e+00,3.840354e+00,1.084458e+01,1.479486e+01,5.034346e+00,2.504998e+00,8.627273e-68,5.207036e-03,2.361999e+01,1.415532e+01,1.010656e+01,3.803241e+01
1.051502e+00,6.500000e-01,2.400000e+01,1.492977e+00,1.656604e+02,1.213104e+01,3.115184e+00,5.914375e+00,2.633977e+00,6.005634e+00,3.703013e+00,1.045675e+01,1.426576e+01,4.865408e+00,2.428416e+00,-1.506404e-56,5.057013e-03,2.334751e+01,1.400977e+01,1.236433e+01,3.704599e+01
1.051502e+00,8.000000e-01,2.400000e+01,1.534980e+00,1.674800e+02,1.224731e+01,3.156936e+00,5.717779e+00,2.546423e+00,5.806005e+00,3.579924e+00,1.010916e+01,1.379156e+01,4.712985e+00,2.358621e+00,-6.254573e-57,4.918541e-03,2.309932e+01,1.387638e+01,1.439692e+01,3.615783e+01
1.051502e+00,9.500000e-01,2.400000e+01,1.575898e+00,1.692206e+02,1.235830e+01,3.196466e+00,5.539851e+00,2.467183e+00,5.625331e+00,3.468522e+00,9.794580e+00,1.336239e+01,4.574241e+00,2.294541e+00,4.625862e-52,4.790910e-03,2.287048e+01,1.375270e+01,1.624538e+01,3.535013e+01
1.051502e+00,1.100000e+00,2.400000e+01,1.615866e+00,1.708915e+02,1.246466e+01,3.234071e+00,5.377518e+00,2.394887e+00,5.460493e+00,3.366884e+00,9.507571e+00,1.297083e+01,4.447022e+00,2.235346e+00,-1.168323e-51,4.671634e-03,2.265745e+01,1.363696e+01,1.794037e+01,3.460959e+01
1.051502e+00,1.250000e+00,2.400000e+01,1.654993e+00,1.725002e+02,1.256690e+01,3.269981e+00,5.228411e+00,2.328482e+00,5.309086e+00,3.273528e+00,9.243947e+00,1.261118e+01,4.329652e+00,2.180377e+00,9.083721e-69,4.561189e-03,2.245754e+01,1.352783e+01,1.950540e+01,3.392596e+01
1.051502e+00,1.400000e+00,2.400000e+01,1.693368e+00,1.740527e+02,1.266545e+01,3.304388e+00,5.090667e+00,2.267137e+00,5.169216e+00,3.187286e+00,9.000412e+00,1.227894e+01,4.220800e+00,2.129104e+00,-7.672110e-64,4.457916e-03,2.226875e+01,1.342428e+01,2.095896e+01,3.329120e+01
1.051502e+00,1.550000e+00,2.400000e+01,1.731079e+00,1.752752e+02,1.274297e+01,3.331321e+00,4.965833e+00,2.211542e+00,5.042456e+00,3.109127e+00,8.779703e+00,1.197783e+01,4.121079e+00,2.081375e+00,4.313762e-69,4.360710e-03,2.203236e+01,1.328938e+01,2.238496e+01,3.267361e+01
1.051502e+00,1.700000e+00,2.400000e+01,1.768579e+00,1.752752e+02,1.274297e+01,3.331322e+00,4.860540e+00,2.164650e+00,4.935538e+00,3.043202e+00,8.593542e+00,1.172386e+01,4.033698e+00,2.037242e+00,9.588154e-68,4.268248e-03,2.156520e+01,1.300760e+01,2.403067e+01,3.198082e+01
1.051502e+00,1.850000e+00,2.400000e+01,1.806079e+00,1.752752e+02,1.274297e+01,3.331322e+00,4.759619e+00,2.119705e+00,4.833060e+00,2.980016e+00,8.415112e+00,1.148043e+01,3.949945e+00,1.994943e+00,-5.222203e-69,4.179625e-03,2.111743e+01,1.273752e+01,2.560804e+01,3.131679e+01
1.051502e+00,2.000000e+00,2.400000e+01,1.843579e+00,1.752752e+02,1.274297e+01,3.331322e+00,4.662804e+00,2.076588e+00,4.734751e+00,2.919399e+00,8.243941e+00,1.124691e+01,3.869600e+00,1.954364e+00,-7.560977e-68,4.094608e-03,2.068788e+01,1.247843e+01,2.712124e+01,3.067978e+01
1.467722e+00,5.000000e-01,3.350000e+01,1.395604e+00,2.138494e+02,1.647349e+01,3.058872e+00,5.571387e+00,2.702324e+00,6.222997e+00,3.952207e+00,1.009157e+01,1.519196e+01,4.197915e+00,2.423258e+00,-1.605019e-68,5.408938e-03,2.442006e+01,1.462958e+01,1.059133e+01,3.890474e+01
1.467722e+00,6.500000e-01,3.350000e+01,1.439221e+00,2.165441e+02,1.664660e+01,3.103969e+00,5.363227e+00,2.601359e+00,5.990492e+00,3.804543e+00,9.714523e+00,1.462436e+01,4.051408e+00,2.346475e+00,-2.826374e-66,5.245014e-03,2.410995e+01,1.446275e+01,1.292567e+01,3.784473e+01
1.467722e+00,8.000000e-01,3.350000e+01,1.481531e+00,2.191084e+02,1.681085e+01,3.146350e+00,5.177420e+00,2.511236e+00,5.782954e+00,3.672737e+00,9.377967e+00,1.411770e+01,3.919669e+00,2.276682e+00,9.757516e-66,5.095224e-03,2.382883e+01,1.431064e+01,1.501908e+01,3.689409e+01
1.467722e+00,9.500000e-01,3.350000e+01,1.522716e+00,2.215595e+02,1.696747e+01,3.186420e+00,5.009836e+00,2.429952e+00,5.595769e+00,3.553856e+00,9.074418e+00,1.366074e+01,3.800100e+00,2.212755e+00,1.262055e-59,4.957518e-03,2.357073e+01,1.417024e+01,1.691665e+01,3.603250e+01
1.467722e+00,1.100000e+00,3.350000e+01,1.562919e+00,2.239109e+02,1.711744e+01,3.224497e+00,4.857397e+00,2.356013e+00,5.425501e+00,3.445720e+00,8.798302e+00,1.324507e+01,3.690740e+00,2.153824e+00,-4.843125e-63,4.829895e-03,2.333141e+01,1.403942e+01,1.865177e+01,3.524488e+01
1.467722e+00,1.250000e+00,3.350000e+01,1.602254e+00,2.261734e+02,1.726149e+01,3.260823e+00,4.717748e+00,2.288279e+00,5.269520e+00,3.346657e+00,8.545354e+00,1.286428e+01,3.590075e+00,2.099204e+00,-2.785129e-55,4.711421e-03,2.310766e+01,1.391655e+01,2.024997e+01,3.451968e+01
1.467722e+00,1.400000e+00,3.350000e+01,1.640817e+00,2.283560e+02,1.740026e+01,3.295603e+00,4.589045e+00,2.225853e+00,5.125764e+00,3.255358e+00,8.312231e+00,1.251333e+01,3.496903e+00,2.048342e+00,4.612071e-59,4.600595e-03,2.289707e+01,1.380042e+01,2.173108e+01,3.384790e+01
1.467722e+00,1.550000e+00,3.350000e+01,1.678685e+00,2.304660e+02,1.753425e+01,3.328996e+00,4.469815e+00,2.168022e+00,4.992589e+00,3.170779e+00,8.096267e+00,1.218822e+01,3.410259e+00,2.000790e+00,-7.030398e-65,4.496813e-03,2.269775e+01,1.369006e+01,2.311096e+01,3.322236e+01
1.467722e+00,1.700000e+00,3.350000e+01,1.716187e+00,2.306134e+02,1.754361e+01,3.331322e+00,4.371106e+00,2.120145e+00,4.882336e+00,3.100757e+00,7.917474e+00,1.191906e+01,3.335227e+00,1.956980e+00,-7.983544e-65,4.398643e-03,2.222354e+01,1.340470e+01,2.476428e+01,3.250603e+01
1.467722e+00,1.850000e+00,3.350000e+01,1.753687e+00,2.306134e+02,1.754361e+01,3.331322e+00,4.277636e+00,2.074808e+00,4.777934e+00,3.034452e+00,7.748170e+00,1.166419e+01,3.263908e+00,1.915133e+00,-2.033743e-69,4.304493e-03,2.174832e+01,1.311806e+01,2.637309e+01,3.181094e+01
1.467722e+00,2.000000e+00,3.350000e+01,1.791187e+00,2.306134e+02,1.754361e+01,3.331322e+00,4.188080e+00,2.031370e+00,4.677904e+00,2.970923e+00,7.585955e+00,1.141999e+01,3.195575e+00,1.875038e+00,0.000000e+00,4.214374e-03,2.129300e+01,1.284342e+01,2.791453e+01,3.114495e+01
1.883942e+00,5.000000e-01,4.300000e+01,1.357572e+00,2.612250e+02,2.088419e+01,3.050255e+00,5.268775e+00,2.701132e+00,6.257452e+00,4.043032e+00,9.255047e+00,1.544389e+01,3.681513e+00,2.381218e+00,4.729541e-62,5.560466e-03,2.501927e+01,1.498465e+01,1.095846e+01,3.955948e+01
1.883942e+00,6.500000e-01,4.300000e+01,1.401453e+00,2.647115e+02,2.110857e+01,3.095902e+00,5.065565e+00,2.596953e+00,6.016110e+00,3.887097e+00,8.898093e+00,1.484824e+01,3.549407e+00,2.303740e+00,-1.005618e-66,5.386362e-03,2.467938e+01,1.480095e+01,1.334907e+01,3.844237e+01
1.883942e+00,8.000000e-01,4.300000e+01,1.443989e+00,2.680267e+02,2.132126e+01,3.138745e+00,4.884727e+00,2.504243e+00,5.801338e+00,3.748330e+00,8.580435e+00,1.431817e+01,3.430908e+00,2.233461e+00,2.608998e-64,5.227697e-03,2.437233e+01,1.463408e+01,1.548675e+01,3.744351e+01
1.883942e+00,9.500000e-01,4.300000e+01,1.485369e+00,2.711936e+02,2.152391e+01,3.179212e+00,4.722044e+00,2.420841e+00,5.608128e+00,3.623494e+00,8.294669e+00,1.384131e+01,3.323582e+00,2.169204e+00,3.901855e-63,5.082167e-03,2.409132e+01,1.448058e+01,1.741974e+01,3.654051e+01
1.883942e+00,1.100000e+00,4.300000e+01,1.525743e+00,2.742303e+02,2.171782e+01,3.217633e+00,4.574393e+00,2.345145e+00,5.432771e+00,3.510193e+00,8.035308e+00,1.340851e+01,3.225600e+00,2.110063e+00,-4.576334e-54,4.947580e-03,2.383150e+01,1.433799e+01,1.918358e+01,3.571685e+01
1.883942e+00,1.250000e+00,4.300000e+01,1.565230e+00,2.771509e+02,2.190399e+01,3.254263e+00,4.439398e+00,2.275937e+00,5.272444e+00,3.406604e+00,7.798178e+00,1.301282e+01,3.135554e+00,2.055328e+00,-4.023445e-65,4.822866e-03,2.358920e+01,1.420443e+01,2.080528e+01,3.495994e+01
1.883942e+00,1.400000e+00,4.300000e+01,1.603928e+00,2.799675e+02,2.208325e+01,3.289314e+00,4.315201e+00,2.212266e+00,5.124942e+00,3.311300e+00,7.580016e+00,1.264877e+01,3.052333e+00,2.004426e+00,1.299306e-68,4.706404e-03,2.336173e+01,1.407854e+01,2.230577e+01,3.426000e+01
1.883942e+00,1.550000e+00,4.300000e+01,1.641919e+00,2.826895e+02,2.225627e+01,3.322950e+00,4.200328e+00,2.153373e+00,4.988512e+00,3.223151e+00,7.378230e+00,1.231205e+01,2.975044e+00,1.956892e+00,2.979647e-56,4.597506e-03,2.314692e+01,1.395920e+01,2.370171e+01,3.360926e+01
1.883942e+00,1.700000e+00,4.300000e+01,1.679440e+00,2.833698e+02,2.229948e+01,3.331322e+00,4.102969e+00,2.103461e+00,4.872884e+00,3.148442e+00,7.207211e+00,1.202667e+01,2.907018e+00,1.912902e+00,-1.292558e-71,4.494888e-03,2.270981e+01,1.369800e+01,2.530614e+01,3.289397e+01
1.883942e+00,1.850000e+00,4.300000e+01,1.716940e+00,2.833698e+02,2.229948e+01,3.331322e+00,4.013355e+00,2.057518e+00,4.766454e+00,3.079676e+00,7.049797e+00,1.176399e+01,2.843525e+00,1.871122e+00,1.611876e-69,4.396714e-03,2.221380e+01,1.339882e+01,2.693755e+01,3.217552e+01
1.883942e+00,2.000000e+00,4.300000e+01,1.754440e+00,2.833698e+02,2.229948e+01,3.331322e+00,3.927572e+00,2.013540e+00,4.664574e+00,3.013850e+00,6.899111e+00,1.151254e+01,2.782746e+00,1.831128e+00,2.961760e-68,4.302737e-03,2.173899e+01,1.311243e+01,2.849921e+01,3.148779e+01
2.300161e+00,5.000000e-01,5.250000e+01,1.327092e+00,3.059600e+02,2.524236e+01,3.043203e+00,5.091101e+00,2.713628e+00,6.311442e+00,4.124048e+00,8.362579e+00,1.562439e+01,3.329988e+00,2.360299e+00,-7.496945e-60,5.688287e-03,2.552339e+01,1.528327e+01,1.127017e+01,4.011133e+01
2.300161e+00,6.500000e-01,5.250000e+01,1.371192e+00,3.102457e+02,2.551857e+01,3.089309e+00,4.889545e+00,2.606196e+00,6.061572e+00,3.960778e+00,8.031505e+00,1.500582e+01,3.207767e+00,2.281765e+00,4.364881e-68,5.505234e-03,2.515738e+01,1.508478e+01,1.370738e+01,3.894485e+01
2.300161e+00,8.000000e-01,5.250000e+01,1.413915e+00,3.143182e+02,2.578014e+01,3.132537e+00,4.710638e+00,2.510836e+00,5.839781e+00,3.815854e+00,7.737634e+00,1.445676e+01,3.098359e+00,2.210655e+00,7.169694e-55,5.338890e-03,2.482769e+01,1.490501e+01,1.588144e+01,3.790446e+01
2.300161e+00,9.500000e-01,5.250000e+01,1.455456e+00,3.182064e+02,2.602920e+01,3.173333e+00,4.550041e+00,2.425236e+00,5.640690e+00,3.685763e+00,7.473841e+00,1.396390e+01,2.999439e+00,2.145741e+00,2.359416e-70,5.186617e-03,2.452673e+01,1.474009e+01,1.784334e+01,3.696592e+01
2.300161e+00,1.100000e+00,5.250000e+01,1.495971e+00,3.219330e+02,2.626739e+01,3.212039e+00,4.404558e+00,2.347691e+00,5.460334e+00,3.567914e+00,7.234872e+00,1.351742e+01,2.909268e+00,2.086078e+00,5.067465e-63,5.046144e-03,2.424911e+01,1.458727e+01,1.963044e+01,3.611142e+01
2.300161e+00,1.250000e+00,5.250000e+01,1.535584e+00,3.255162e+02,2.649597e+01,3.248922e+00,4.271763e+00,2.276910e+00,5.295707e+00,3.460343e+00,7.016744e+00,1.310987e+01,2.826512e+00,2.030929e+00,-5.607925e-70,4.915873e-03,2.399081e+01,1.444448e+01,2.127102e+01,3.532745e+01
2.300161e+00,1.400000e+00,5.250000e+01,1.574394e+00,3.289704e+02,2.671598e+01,3.284194e+00,4.149770e+00,2.211886e+00,5.144473e+00,3.361523e+00,6.816360e+00,1.273548e+01,2.750119e+00,1.979700e+00,0.000000e+00,4.794693e-03,2.374875e+01,1.431015e+01,2.278698e+01,3.460354e+01
2.300161e+00,1.550000e+00,5.250000e+01,1.612485e+00,3.323080e+02,2.692827e+01,3.318030e+00,4.037084e+00,2.151822e+00,5.004776e+00,3.270241e+00,6.631263e+00,1.238965e+01,2.679250e+00,1.931910e+00,0.000000e+00,4.681428e-03,2.352060e+01,1.418308e+01,2.419565e+01,3.393138e+01
2.300161e+00,1.700000e+00,5.250000e+01,1.650037e+00,3.336251e+02,2.701198e+01,3.331322e+00,3.939819e+00,2.099979e+00,4.884196e+00,3.191452e+00,6.471497e+00,1.209115e+01,2.616104e+00,1.887567e+00,5.516962e-69,4.574888e-03,2.311449e+01,1.394209e+01,2.575708e+01,3.321681e+01
2.300161e+00,1.850000e+00,5.250000e+01,1.687537e+00,3.336251e+02,2.701198e+01,3.331322e+00,3.852269e+00,2.053313e+00,4.775661e+00,3.120532e+00,6.327689e+00,1.182246e+01,2.557970e+00,1.845622e+00,0.000000e+00,4.473320e-03,2.260084e+01,1.363227e+01,2.740689e+01,3.247868e+01
2.300161e+00,2.000000e+00,5.250000e+01,1.725037e+00,3.336251e+02,2.701198e+01,3.331322e+00,3.768526e+00,2.008677e+00,4.671844e+00,3.052696e+00,6.190133e+00,1.156546e+01,2.502363e+00,1.805501e+00,0.000000e+00,4.375984e-03,2.210953e+01,1.333593e+01,2.898498e+01,3.177263e+01
2.716381e+00,5.000000e-01,6.200000e+01,1.300776e+00,3.480976e+02,2.954884e+01,3.037008e+00,4.983514e+00,2.734057e+00,6.377040e+00,4.200095e+00,7.425624e+00,1.576450e+01,3.075449e+00,2.352235e+00,-1.411196e-73,5.803254e-03,2.597700e+01,1.555190e+01,1.155278e+01,4.060860e+01
2.716381e+00,6.500000e-01,6.200000e+01,1.344368e+00,3.530618e+02,2.986857e+01,3.082051e+00,4.793167e+00,2.629629e+00,6.133466e+00,4.039671e+00,7.142000e+00,1.516237e+01,2.966438e+00,2.276204e+00,-4.441023e-72,5.620989e-03,2.560644e+01,1.534987e+01,1.389511e+01,3.946337e+01
2.716381e+00,8.000000e-01,6.200000e+01,1.387960e+00,3.580260e+02,3.018830e+01,3.127095e+00,4.602820e+00,2.525201e+00,5.889893e+00,3.879247e+00,6.858375e+00,1.456024e+01,2.857427e+00,2.200174e+00,-8.740927e-72,5.438725e-03,2.523589e+01,1.514784e+01,1.623745e+01,3.831814e+01
2.716381e+00,9.500000e-01,6.200000e+01,1.429645e+00,3.626411e+02,3.048416e+01,3.168184e+00,4.442635e+00,2.437320e+00,5.684916e+00,3.744244e+00,6.619694e+00,1.405352e+01,2.764552e+00,2.134365e+00,3.304031e-57,5.280146e-03,2.491649e+01,1.497236e+01,1.822462e+01,3.734709e+01
2.716381e+00,1.100000e+00,6.200000e+01,1.470285e+00,3.670626e+02,3.076696e+01,3.207143e+00,4.297770e+00,2.357844e+00,5.499543e+00,3.622152e+00,6.403840e+00,1.359527e+01,2.680006e+00,2.073959e+00,-1.329302e-68,5.134197e-03,2.462245e+01,1.481009e+01,2.003194e+01,3.646445e+01
2.716381e+00,1.250000e+00,6.200000e+01,1.510008e+00,3.713124e+02,3.103825e+01,3.244247e+00,4.165735e+00,2.285407e+00,5.330587e+00,3.510873e+00,6.207102e+00,1.317760e+01,2.602505e+00,2.018187e+00,-7.988471e-68,4.999134e-03,2.434937e+01,1.465878e+01,2.168886e+01,3.565584e+01
2.716381e+00,1.400000e+00,6.200000e+01,1.548917e+00,3.754082e+02,3.129928e+01,3.279716e+00,4.044600e+00,2.218949e+00,5.175579e+00,3.408780e+00,6.026606e+00,1.279441e+01,2.531041e+00,1.966434e+00,-1.856947e-70,4.873555e-03,2.409393e+01,1.451670e+01,2.321810e+01,3.491015e+01
2.716381e+00,1.550000e+00,6.200000e+01,1.588336e+00,3.780966e+02,3.152669e+01,3.313915e+00,3.950986e+00,2.159955e+00,5.036252e+00,3.313859e+00,5.849068e+00,1.243256e+01,2.490777e+00,1.921887e+00,2.614006e-73,4.753756e-03,2.384175e+01,1.437545e+01,2.462269e+01,3.420847e+01
2.716381e+00,1.700000e+00,6.200000e+01,1.624688e+00,3.814218e+02,3.168186e+01,3.331322e+00,3.834873e+00,2.103889e+00,4.907208e+00,3.232023e+00,5.714106e+00,1.213097e+01,2.405203e+00,1.873373e+00,0.000000e+00,4.646267e-03,2.347513e+01,1.415962e+01,2.615896e+01,3.350453e+01
2.716381e+00,1.850000e+00,6.200000e+01,1.662188e+00,3.814218e+02,3.168186e+01,3.331322e+00,3.748356e+00,2.056424e+00,4.796497e+00,3.159106e+00,5.585191e+00,1.185729e+01,2.350940e+00,1.831109e+00,-6.980432e-57,4.541444e-03,2.294551e+01,1.384017e+01,2.782486e+01,3.274864e+01
2.716381e+00,2.000000e+00,6.200000e+01,1.699688e+00,3.814218e+02,3.168186e+01,3.331322e+00,3.665656e+00,2.011053e+00,4.690673e+00,3.089407e+00,5.461966e+00,1.159568e+01,2.299071e+00,1.790709e+00,-5.536077e-73,4.441341e-03,2.243927e+01,1.353482e+01,2.941726e+01,3.202611e+01
3.132601e+00,5.000000e-01,7.150000e+01,1.277843e+00,3.863846e+02,3.377852e+01,3.031492e+00,4.934131e+00,2.761592e+00,6.453603e+00,4.273103e+00,6.431138e+00,1.587153e+01,2.904532e+00,2.355842e+00,2.940925e-68,5.909370e-03,2.639433e+01,1.579897e+01,1.181532e+01,4.106695e+01
3.132601e+00,6.500000e-01,7.150000e+01,1.321484e+00,3.935696e+02,3.418548e+01,3.078225e+00,4.715934e+00,2.645499e+00,6.183639e+00,4.096791e+00,6.182595e+00,1.522256e+01,2.773277e+00,2.271339e+00,4.196328e-72,5.712315e-03,2.598832e+01,1.557803e+01,1.433631e+01,3.981993e+01
3.132601e+00,8.000000e-01,7.150000e+01,1.364526e+00,3.991756e+02,3.454618e+01,3.122114e+00,4.536037e+00,2.544582e+00,5.947754e+00,3.940512e+00,5.946751e+00,1.464187e+01,2.675213e+00,2.197857e+00,-1.570783e-70,5.532129e-03,2.561732e+01,1.537471e+01,1.657187e+01,3.870506e+01
3.132601e+00,9.500000e-01,7.150000e+01,1.406343e+00,4.045229e+02,3.488922e+01,3.163472e+00,4.375163e+00,2.454336e+00,5.736812e+00,3.800759e+00,5.735844e+00,1.412258e+01,2.586817e+00,2.130971e+00,0.000000e+00,5.367746e-03,2.528016e+01,1.518904e+01,1.858215e+01,3.770306e+01
3.132601e+00,1.100000e+00,7.150000e+01,1.447099e+00,4.096444e+02,3.521699e+01,3.202667e+00,4.229902e+00,2.372849e+00,5.546343e+00,3.674569e+00,5.545407e+00,1.365370e+01,2.506450e+00,2.069652e+00,6.728582e-57,5.216460e-03,2.497038e+01,1.501773e+01,2.040781e+01,3.679371e+01
3.132601e+00,1.250000e+00,7.150000e+01,1.487743e+00,4.133015e+02,3.550679e+01,3.240106e+00,4.110299e+00,2.300340e+00,5.375662e+00,3.559304e+00,5.360052e+00,1.322075e+01,2.451386e+00,2.015792e+00,-3.994236e-68,5.075141e-03,2.467588e+01,1.485389e+01,2.207158e+01,3.595515e+01
3.132601e+00,1.400000e+00,7.150000e+01,1.525924e+00,4.193065e+02,3.583359e+01,3.275627e+00,3.976541e+00,2.230721e+00,5.214129e+00,3.454470e+00,5.213250e+00,1.283587e+01,2.365074e+00,1.960676e+00,-1.543712e-56,4.946992e-03,2.441496e+01,1.470879e+01,2.362057e+01,3.519547e+01
3.132601e+00,1.550000e+00,7.150000e+01,1.564186e+00,4.238853e+02,3.612511e+01,3.309800e+00,3.864889e+00,2.168088e+00,5.067729e+00,3.357477e+00,5.066874e+00,1.247547e+01,2.302305e+00,1.911863e+00,5.228012e-73,4.826084e-03,2.416291e+01,1.456783e+01,2.504974e+01,3.448556e+01
3.132601e+00,1.700000e+00,7.150000e+01,1.601821e+00,4.267850e+02,3.630954e+01,3.331321e+00,3.765681e+00,2.112435e+00,4.937645e+00,3.271294e+00,4.936812e+00,1.215524e+01,2.245338e+00,1.866445e+00,1.630020e-71,4.712695e-03,2.381025e+01,1.436176e+01,2.653240e+01,3.377188e+01
3.132601e+00,1.850000e+00,7.150000e+01,1.639321e+00,4.267851e+02,3.630954e+01,3.331322e+00,3.679539e+00,2.064112e+00,4.824694e+00,3.196461e+00,4.823880e+00,1.187718e+01,2.193974e+00,1.823750e+00,-1.462003e-57,4.604793e-03,2.326558e+01,1.403323e+01,2.821299e+01,3.299934e+01
3.132601e+00,2.000000e+00,7.150000e+01,1.676821e+00,4.267851e+02,3.630954e+01,3.331322e+00,3.597251e+00,2.017951e+00,4.716796e+00,3.124976e+00,4.716000e+00,1.161156e+01,2.144909e+00,1.782964e+00,0.000000e+00,4.501813e-03,2.274528e+01,1.371939e+01,2.981842e+01,3.226135e+01
3.548821e+00,5.000000e-01,8.100000e+01,1.254910e+00,4.246716e+02,3.800821e+01,3.025975e+00,4.884748e+00,2.789126e+00,6.530166e+00,4.346110e+00,5.436651e+00,1.597855e+01,2.733616e+00,2.359450e+00,5.881864e-68,6.015486e-03,2.681166e+01,1.604604e+01,1.207786e+01,4.152529e+01
3.548821e+00,6.500000e-01,8.100000e+01,1.299560e+00,4.314004e+02,3.844311e+01,3.073239e+00,4.678503e+00,2.671363e+00,6.254448e+00,4.162607e+00,5.207104e+00,1.530390e+01,2.627552e+00,2.276279e+00,3.170028e-66,5.808684e-03,2.637437e+01,1.580713e+01,1.463093e+01,4.022709e+01
3.548821e+00,8.000000e-01,8.100000e+01,1.342748e+00,4.377831e+02,3.885407e+01,3.117432e+00,4.496634e+00,2.567518e+00,6.011317e+00,4.000793e+00,5.004686e+00,1.470899e+01,2.533101e+00,2.201341e+00,-7.096927e-63,5.621854e-03,2.598335e+01,1.559238e+01,1.689428e+01,3.907664e+01
3.548821e+00,9.500000e-01,8.100000e+01,1.385263e+00,4.426057e+02,3.921999e+01,3.159144e+00,4.343661e+00,2.476129e+00,5.796470e+00,3.856203e+00,4.810342e+00,1.417311e+01,2.462043e+00,2.135336e+00,-7.474356e-64,5.450636e-03,2.562445e+01,1.539415e+01,1.892265e+01,3.804038e+01
3.548821e+00,1.100000e+00,8.100000e+01,1.425556e+00,4.496946e+02,3.961775e+01,3.198463e+00,4.187910e+00,2.391241e+00,5.598600e+00,3.726112e+00,4.661081e+00,1.369912e+01,2.370879e+00,2.070855e+00,6.689238e-70,5.295290e-03,2.530345e+01,1.521647e+01,2.076899e+01,3.710909e+01
3.548821e+00,1.250000e+00,8.100000e+01,1.465478e+00,4.552906e+02,3.997533e+01,3.235965e+00,4.054863e+00,2.315273e+00,5.420736e+00,3.607736e+00,4.513002e+00,1.326391e+01,2.300266e+00,2.013397e+00,0.000000e+00,5.151148e-03,2.500238e+01,1.504899e+01,2.245430e+01,3.625446e+01
3.548821e+00,1.400000e+00,8.100000e+01,1.504564e+00,4.606816e+02,4.031921e+01,3.271790e+00,3.933090e+00,2.245742e+00,5.257944e+00,3.499391e+00,4.377470e+00,1.286557e+01,2.235280e+00,1.960186e+00,0.000000e+00,5.017225e-03,2.472167e+01,1.489228e+01,2.400636e+01,3.546819e+01
3.548821e+00,1.550000e+00,8.100000e+01,1.542903e+00,4.658867e+02,4.065073e+01,3.306119e+00,3.820981e+00,2.181730e+00,5.108072e+00,3.399644e+00,4.252695e+00,1.249885e+01,2.175158e+00,1.910684e+00,-1.317981e-69,4.892553e-03,2.445824e+01,1.474472e+01,2.544432e+01,3.474053e+01
3.548821e+00,1.700000e+00,8.100000e+01,1.580588e+00,4.697312e+02,4.089531e+01,3.331321e+00,3.720127e+00,2.124143e+00,4.973245e+00,3.309911e+00,4.140446e+00,1.216895e+01,2.120189e+00,1.864590e+00,-8.782464e-54,4.775904e-03,2.413011e+01,1.455469e+01,2.688882e+01,3.402706e+01
3.548821e+00,1.850000e+00,8.100000e+01,1.618088e+00,4.697312e+02,4.089531e+01,3.331322e+00,3.635864e+00,2.076030e+00,4.860598e+00,3.234939e+00,4.046662e+00,1.189331e+01,2.072165e+00,1.822356e+00,-4.395356e-54,4.667726e-03,2.358355e+01,1.422502e+01,2.854484e+01,3.325633e+01
3.548821e+00,2.000000e+00,8.100000e+01,1.655588e+00,4.697312e+02,4.089531e+01,3.331322e+00,3.551600e+00,2.027917e+00,4.747951e+00,3.159968e+00,3.952878e+00,1.161768e+01,2.024141e+00,1.780122e+00,-8.247280e-57,4.559549e-03,2.303699e+01,1.389535e+01,3.020085e+01,3.248559e+01
3.965040e+00,5.000000e-01,9.050000e+01,1.233971e+00,4.591347e+02,4.216155e+01,3.020847e+00,4.870774e+00,2.821513e+00,6.614755e+00,4.418378e+00,4.388099e+00,1.606624e+01,2.614623e+00,2.370813e+00,-1.787134e-68,6.117434e-03,2.721286e+01,1.628349e+01,1.233234e+01,4.196654e+01
3.965040e+00,6.500000e-01,9.050000e+01,1.278044e+00,4.664970e+02,4.263684e+01,3.066899e+00,4.673681e+00,2.707342e+00,6.347093e+00,4.239591e+00,4.210537e+00,1.541613e+01,2.517173e+00,2.289996e+00,-5.705248e-56,5.913506e-03,2.677688e+01,1.604423e+01,1.477144e+01,4.070320e+01
3.965040e+00,8.000000e-01,9.050000e+01,1.322118e+00,4.738593e+02,4.311214e+01,3.112950e+00,4.476588e+00,2.593171e+00,6.079430e+00,4.060804e+00,4.032975e+00,1.476601e+01,2.419722e+00,2.209179e+00,-1.141050e-55,5.709578e-03,2.634089e+01,1.580498e+01,1.721053e+01,3.943986e+01
3.965040e+00,9.500000e-01,9.050000e+01,1.364182e+00,4.806886e+02,4.355075e+01,3.154816e+00,4.312159e+00,2.497922e+00,5.856127e+00,3.911647e+00,3.884840e+00,1.422365e+01,2.337269e+00,2.139701e+00,-1.494871e-63,5.533525e-03,2.596875e+01,1.559926e+01,1.926315e+01,3.837771e+01
3.965040e+00,1.100000e+00,9.050000e+01,1.404675e+00,4.870945e+02,4.396070e+01,3.193476e+00,4.170957e+00,2.416127e+00,5.664369e+00,3.783560e+00,3.757632e+00,1.375789e+01,2.265715e+00,2.078696e+00,-7.474356e-64,5.378478e-03,2.564096e+01,1.541697e+01,2.104174e+01,3.745863e+01
3.965040e+00,1.250000e+00,9.050000e+01,1.445168e+00,4.935005e+02,4.437064e+01,3.232136e+00,4.029756e+00,2.334333e+00,5.472610e+00,3.655473e+00,3.630423e+00,1.329214e+01,2.194161e+00,2.017691e+00,0.000000e+00,5.223432e-03,2.531317e+01,1.523468e+01,2.282034e+01,3.653954e+01
3.965040e+00,1.400000e+00,9.050000e+01,1.484336e+00,4.995446e+02,4.475632e+01,3.268125e+00,3.906908e+00,2.263170e+00,5.305776e+00,3.544035e+00,3.519748e+00,1.288693e+01,2.131339e+00,1.963595e+00,-9.518530e-57,5.085596e-03,2.501999e+01,1.507074e+01,2.438269e+01,3.573355e+01
3.965040e+00,1.550000e+00,9.050000e+01,1.522750e+00,5.053794e+02,4.512807e+01,3.302601e+00,3.793924e+00,2.197722e+00,5.152339e+00,3.441546e+00,3.417961e+00,1.251425e+01,2.073268e+00,1.913314e+00,2.173981e-70,4.957305e-03,2.474525e+01,1.491661e+01,2.582886e+01,3.498840e+01
3.965040e+00,1.700000e+00,9.050000e+01,1.560489e+00,5.102713e+02,4.543937e+01,3.331321e+00,3.691106e+00,2.138162e+00,5.012707e+00,3.348277e+00,3.325332e+00,1.217510e+01,2.019823e+00,1.866468e+00,0.000000e+00,4.837415e-03,2.444089e+01,1.474215e+01,2.723514e+01,3.427500e+01
3.965040e+00,1.850000e+00,9.050000e+01,1.597989e+00,5.102714e+02,4.543937e+01,3.331322e+00,3.604486e+00,2.087986e+00,4.895073e+00,3.269703e+00,3.247296e+00,1.188939e+01,1.972424e+00,1.822668e+00,-2.411372e-54,4.723895e-03,2.386734e+01,1.439620e+01,2.894271e+01,3.347067e+01
3.965040e+00,2.000000e+00,9.050000e+01,1.635490e+00,5.102714e+02,4.543937e+01,3.331322e+00,3.521839e+00,2.040110e+00,4.782834e+00,3.194732e+00,3.172839e+00,1.161678e+01,1.927198e+00,1.780876e+00,4.388318e-54,4.615581e-03,2.332009e+01,1.406611e+01,3.057199e+01,3.270322e+01
4.381260e+00,5.000000e-01,1.000000e+02,1.213866e+00,4.910587e+02,4.626408e+01,3.015868e+00,4.872333e+00,2.856378e+00,6.703758e+00,4.491057e+00,3.303980e+00,1.614609e+01,2.518447e+00,2.385895e+00,1.516350e-68,6.218885e-03,2.761080e+01,1.651897e+01,1.258607e+01,4.240460e+01
4.381260e+00,6.500000e-01,1.000000e+02,1.258848e+00,4.994558e+02,4.680761e+01,3.063835e+00,4.658595e+00,2.731075e+00,6.409679e+00,4.294044e+00,3.159042e+00,1.543780e+01,2.417405e+00,2.298725e+00,0.000000e+00,5.996541e-03,2.712603e+01,1.625310e+01,1.520851e+01,4.102073e+01
4.381260e+00,8.000000e-01,1.000000e+02,1.302316e+00,5.074118e+02,4.732049e+01,3.108609e+00,4.470887e+00,2.621032e+00,6.151415e+00,4.121025e+00,3.031755e+00,1.481576e+01,2.327721e+00,2.220440e+00,-1.886663e-69,5.796393e-03,2.669448e+01,1.601520e+01,1.752448e+01,3.979926e+01
4.381260e+00,9.500000e-01,1.000000e+02,1.344498e+00,5.149907e+02,4.780749e+01,3.150718e+00,4.303896e+00,2.523135e+00,5.921656e+00,3.967102e+00,2.918517e+00,1.426239e+01,2.247216e+00,2.149479e+00,-5.542586e-74,5.614536e-03,2.630460e+01,1.579931e+01,1.959708e+01,3.870703e+01
4.381260e+00,1.100000e+00,1.000000e+02,1.385573e+00,5.222413e+02,4.827217e+01,3.190557e+00,4.153785e+00,2.435133e+00,5.715120e+00,3.828737e+00,2.816725e+00,1.376494e+01,2.174289e+00,2.084665e+00,-1.018941e-55,5.448097e-03,2.594826e+01,1.560118e+01,2.147172e+01,3.772010e+01
4.381260e+00,1.250000e+00,1.000000e+02,1.425678e+00,5.292015e+02,4.871727e+01,3.228429e+00,4.017688e+00,2.355347e+00,5.527867e+00,3.703290e+00,2.724436e+00,1.331394e+01,2.107727e+00,2.025086e+00,-1.890532e-69,5.294950e-03,2.561945e+01,1.541767e+01,2.318220e+01,3.682063e+01
4.381260e+00,1.400000e+00,1.000000e+02,1.464927e+00,5.359034e+02,4.914507e+01,3.264581e+00,3.893406e+00,2.282488e+00,5.356870e+00,3.588734e+00,2.640160e+00,1.290209e+01,2.046585e+00,1.970019e+00,-5.675340e-54,5.152976e-03,2.531376e+01,1.524648e+01,2.475426e+01,3.599496e+01
4.381260e+00,1.550000e+00,1.000000e+02,1.503413e+00,5.423715e+02,4.955729e+01,3.299202e+00,3.779221e+00,2.215547e+00,5.199764e+00,3.483484e+00,2.562729e+00,1.252370e+01,1.990116e+00,1.918882e+00,1.267559e-55,5.021066e-03,2.502765e+01,1.508573e+01,2.620815e+01,3.523237e+01
4.381260e+00,1.700000e+00,1.000000e+02,1.541212e+00,5.484130e+02,4.994181e+01,3.331318e+00,3.674178e+00,2.153966e+00,5.055237e+00,3.386661e+00,2.491498e+00,1.217560e+01,1.937832e+00,1.871217e+00,0.000000e+00,4.898023e-03,2.474656e+01,1.492652e+01,2.757584e+01,3.451886e+01
4.381260e+00,1.850000e+00,1.000000e+02,1.578712e+00,5.484137e+02,4.994185e+01,3.331322e+00,3.586901e+00,2.102801e+00,4.935155e+00,3.306214e+00,2.432315e+00,1.188639e+01,1.891802e+00,1.826769e+00,1.799654e-70,4.781577e-03,2.415877e+01,1.457198e+01,2.929612e+01,3.369893e+01
4.381260e+00,2.000000e+00,1.000000e+02,1.616213e+00,5.484137e+02,4.994185e+01,3.331322e+00,3.503676e+00,2.054011e+00,4.820647e+00,3.229502e+00,2.375880e+00,1.161059e+01,1.847907e+00,1.784384e+00,-9.024114e-74,4.670731e-03,2.359823e+01,1.423387e+01,3.093663e+01,3.291703e+01
