# system_capacity,flowrate_MGD,LCOW,Total CAPEX (MGD),Total OPEX (MGD/year),SEC,Ozone_CAPEX_frac,Ozone_OPEX_frac,BAF_CAPEX_frac,BAF_OPEX_frac,UF_CAPEX_frac,UF_OPEX_frac,UV_AOP_CAPEX_frac,UV_AOP_OPEX_frac,Cl_CAPEX_frac,Cl_OPEX_frac,RO_CAPEX_frac,RO_OPEX_frac,brine_frac,Total_Opex_frac
4.381260e-02,1.000000e+00,5.358935e+00,3.878707e+01,1.076843e+00,3.331322e+00,1.817061e+01,3.586778e+00,6.924253e+00,1.922477e+00,7.773957e+00,4.725314e+00,1.366040e+01,2.810038e+00,2.345526e+01,4.068208e+00,7.117040e+00,4.292824e+00,1.492839e+00,2.140564e+01
1.522488e-01,3.475000e+00,2.503080e+00,5.491479e+01,2.333123e+00,3.251515e+00,1.265214e+01,3.135863e+00,6.454588e+00,2.678207e+00,9.684388e+00,8.973172e+00,1.147851e+01,2.935484e+00,1.283766e+01,2.228879e+00,1.473384e+01,8.871544e+00,3.335721e+00,2.882315e+01
2.606850e-01,5.950000e+00,2.007799e+00,6.971170e+01,3.523444e+00,3.153663e+00,1.033049e+01,2.980544e+00,6.344962e+00,3.068294e+00,1.057220e+01,1.104103e+01,9.691559e+00,2.858833e+00,8.920391e+00,1.550425e+00,1.763589e+01,1.059344e+01,4.411936e+00,3.209257e+01
3.691212e-01,8.425000e+00,1.797330e+00,8.417494e+01,4.705003e+00,3.108601e+00,9.000038e+00,2.897946e+00,6.298536e+00,3.305288e+00,1.100572e+01,1.226262e+01,8.437548e+00,2.779405e+00,6.803274e+00,1.183788e+00,1.934232e+01,1.160431e+01,5.079209e+00,3.403336e+01
4.775573e-01,1.090000e+01,1.679113e+00,9.838036e+01,5.880619e+00,3.082224e+00,8.138484e+00,2.848683e+00,6.279282e+00,3.467622e+00,1.121531e+01,1.307405e+01,7.524055e+00,2.713703e+00,5.478781e+00,9.544360e-01,2.048580e+01,1.228111e+01,5.538678e+00,3.533961e+01
5.859935e-01,1.337500e+01,1.602385e+00,1.123595e+02,7.051328e+00,3.064656e+00,7.536560e+00,2.817517e+00,6.274145e+00,3.587858e+00,1.129727e+01,1.365494e+01,6.830058e+00,2.660848e+00,4.574107e+00,7.977941e-01,2.131737e+01,1.277303e+01,5.878507e+00,3.629199e+01
6.944297e-01,1.585000e+01,1.547897e+00,1.261288e+02,8.217627e+00,3.051952e+00,7.093624e+00,2.797276e+00,6.277260e+00,3.681989e+00,1.129905e+01,1.409311e+01,6.284414e+00,2.618220e+00,3.918383e+00,6.842669e-01,2.195758e+01,1.315161e+01,6.143220e+00,3.702647e+01
8.028659e-01,1.832500e+01,1.506730e+00,1.396981e+02,9.379794e+00,3.042222e+00,6.755176e+00,2.784144e+00,6.285608e+00,3.758811e+00,1.124683e+01,1.443669e+01,5.843555e+00,2.583547e+00,3.422191e+00,5.983676e-01,2.247179e+01,1.345558e+01,6.357706e+00,3.761714e+01
9.113021e-01,2.080000e+01,1.474179e+00,1.530739e+02,1.053800e+01,3.034443e+00,6.489111e+00,2.775899e+00,6.297490e+00,3.823565e+00,1.115623e+01,1.471429e+01,5.479482e+00,2.555097e+00,3.034224e+00,5.312105e-01,2.289859e+01,1.370783e+01,6.536970e+00,3.810789e+01
1.019738e+00,2.327500e+01,1.447525e+00,1.662607e+02,1.169236e+01,3.028016e+00,6.275276e+00,2.771163e+00,6.311875e+00,3.879575e+00,1.103719e+01,1.494402e+01,5.173418e+00,2.531584e+00,2.722961e+00,4.773364e-01,2.326227e+01,1.392273e+01,6.690598e+00,3.852641e+01
1.128174e+00,2.575000e+01,1.425088e+00,1.792615e+02,1.284296e+01,3.022562e+00,6.100376e+00,2.769037e+00,6.328111e+00,3.929052e+00,1.089630e+01,1.513790e+01,4.912296e+00,2.512044e+00,2.467984e+00,4.332092e-01,2.357890e+01,1.410979e+01,6.825002e+00,3.889103e+01
1.236611e+00,2.822500e+01,1.405772e+00,1.920790e+02,1.398984e+01,3.017833e+00,5.955289e+00,2.768907e+00,6.345760e+00,3.973525e+00,1.073814e+01,1.530422e+01,4.686742e+00,2.495751e+00,2.255493e+00,3.964393e-01,2.385953e+01,1.427556e+01,6.944637e+00,3.921441e+01
1.345047e+00,3.070000e+01,1.388830e+00,2.047149e+02,1.513306e+01,3.013659e+00,5.833543e+00,2.770344e+00,6.364524e+00,4.014086e+00,1.056596e+01,1.544891e+01,4.489851e+00,2.482145e+00,2.075837e+00,3.653550e-01,2.411205e+01,1.442470e+01,7.052694e+00,3.950555e+01
1.453483e+00,3.317500e+01,1.373737e+00,2.171708e+02,1.627265e+01,3.009919e+00,5.730421e+00,2.773035e+00,6.384191e+00,4.051537e+00,1.038215e+01,1.557630e+01,4.316418e+00,2.470792e+00,1.922063e+00,3.387525e-01,2.434220e+01,1.456062e+01,7.151522e+00,3.977104e+01
1.561919e+00,3.565000e+01,1.360114e+00,2.294477e+02,1.740864e+01,3.006524e+00,5.642401e+00,2.776751e+00,6.404606e+00,4.086480e+00,1.018851e+01,1.568964e+01,4.162444e+00,2.461347e+00,1.789040e+00,3.157434e-01,2.455429e+01,1.468586e+01,7.242887e+00,4.001582e+01
1.670355e+00,3.812500e+01,1.347677e+00,2.415468e+02,1.854104e+01,3.003409e+00,5.566804e+00,2.781316e+00,6.425655e+00,4.119374e+00,9.986400e+00,1.579142e+01,4.024805e+00,2.453537e+00,1.672902e+00,2.956579e-01,2.475162e+01,1.480237e+01,7.328143e+00,4.024367e+01
1.778792e+00,4.060000e+01,1.336212e+00,2.534687e+02,1.966987e+01,3.000523e+00,5.501552e+00,2.786598e+00,6.447253e+00,4.150580e+00,9.776884e+00,1.588357e+01,3.901020e+00,2.447138e+00,1.570679e+00,2.779820e-01,2.493674e+01,1.491166e+01,7.408347e+00,4.045752e+01
1.887228e+00,4.307500e+01,1.325554e+00,2.652142e+02,2.079515e+01,2.997828e+00,5.445013e+00,2.792490e+00,6.469335e+00,4.180381e+00,9.560796e+00,1.596761e+01,3.789096e+00,2.441969e+00,1.480055e+00,2.623146e-01,2.511168e+01,1.501493e+01,7.484337e+00,4.065969e+01
1.995664e+00,4.555000e+01,1.315574e+00,2.767838e+02,2.191689e+01,2.995292e+00,5.395883e+00,2.798910e+00,6.491850e+00,4.209005e+00,9.338800e+00,1.604477e+01,3.687410e+00,2.437880e+00,1.399198e+00,2.483383e-01,2.527804e+01,1.511313e+01,7.556783e+00,4.085203e+01
2.104100e+00,4.802500e+01,1.306166e+00,2.881780e+02,2.303509e+01,2.992892e+00,5.353110e+00,2.805793e+00,6.514759e+00,4.236638e+00,9.111433e+00,1.611605e+01,3.594628e+00,2.434747e+00,1.326638e+00,2.357989e-01,2.543714e+01,1.520703e+01,7.626238e+00,4.103605e+01
2.212536e+00,5.050000e+01,1.297249e+00,2.993973e+02,2.414977e+01,2.990608e+00,5.315835e+00,2.813082e+00,6.538027e+00,4.263430e+00,8.879127e+00,1.618224e+01,3.509642e+00,2.432463e+00,1.261186e+00,2.244901e-01,2.559007e+01,1.529728e+01,7.693134e+00,4.121298e+01
2.320972e+00,5.297500e+01,1.288755e+00,3.104420e+02,2.526093e+01,2.988424e+00,5.283351e+00,2.820736e+00,6.561634e+00,4.289508e+00,8.642240e+00,1.624402e+01,3.431525e+00,2.430941e+00,1.201866e+00,2.142433e-01,2.573769e+01,1.538439e+01,7.757857e+00,4.138384e+01
2.429409e+00,5.545000e+01,1.280627e+00,3.213124e+02,2.636858e+01,2.986325e+00,5.255071e+00,2.828717e+00,6.585558e+00,4.314977e+00,8.401066e+00,1.630196e+01,3.359493e+00,2.430104e+00,1.147873e+00,2.049188e-01,2.588075e+01,1.546880e+01,7.820714e+00,4.154948e+01
2.537845e+00,5.792500e+01,1.272819e+00,3.320088e+02,2.747272e+01,2.984302e+00,5.230501e+00,2.836996e+00,6.609783e+00,4.339927e+00,8.155846e+00,1.635651e+01,3.292880e+00,2.429888e+00,1.098535e+00,1.964006e-01,2.601987e+01,1.555089e+01,7.881967e+00,4.171061e+01
2.646281e+00,6.040000e+01,1.265293e+00,3.425314e+02,2.857336e+01,2.982344e+00,5.209225e+00,2.845547e+00,6.634297e+00,4.364432e+00,7.906783e+00,1.640809e+01,3.231116e+00,2.430237e+00,1.053289e+00,1.885907e-01,2.615559e+01,1.563096e+01,7.941838e+00,4.186786e+01
2.754717e+00,6.287500e+01,1.258014e+00,3.528803e+02,2.967048e+01,2.980443e+00,5.190891e+00,2.854350e+00,6.659091e+00,4.388558e+00,7.654049e+00,1.645703e+01,3.173711e+00,2.431103e+00,1.011656e+00,1.814068e-01,2.628835e+01,1.570928e+01,8.000526e+00,4.202173e+01
2.863153e+00,6.535000e+01,1.250957e+00,3.630561e+02,3.076413e+01,2.978596e+00,5.175192e+00,2.863386e+00,6.684151e+00,4.412359e+00,7.397778e+00,1.650362e+01,3.120237e+00,2.432442e+00,9.732308e-01,1.747783e-01,2.641856e+01,1.578609e+01,8.058174e+00,4.217267e+01
2.971590e+00,6.782500e+01,1.244184e+00,3.729720e+02,3.185252e+01,2.976813e+00,5.162948e+00,2.872742e+00,6.709606e+00,4.435768e+00,7.136439e+00,1.654717e+01,3.071945e+00,2.434422e+00,9.389450e-01,1.688666e-01,2.654557e+01,1.586101e+01,8.114567e+00,4.231998e+01
3.080026e+00,7.030000e+01,1.237411e+00,3.828880e+02,3.294091e+01,2.975030e+00,5.150703e+00,2.882098e+00,6.735060e+00,4.459177e+00,6.875099e+00,1.659073e+01,3.023653e+00,2.436402e+00,9.046593e-01,1.629550e-01,2.667258e+01,1.593592e+01,8.170959e+00,4.246728e+01
3.188462e+00,7.277500e+01,1.230884e+00,3.925445e+02,3.402406e+01,2.973304e+00,5.141492e+00,2.891752e+00,6.760898e+00,4.482274e+00,6.608871e+00,1.663167e+01,2.979933e+00,2.438960e+00,8.739532e-01,1.576634e-01,2.679695e+01,1.600927e+01,8.226323e+00,4.261158e+01
3.296898e+00,7.525000e+01,1.224501e+00,4.020282e+02,3.510373e+01,2.971610e+00,5.134067e+00,2.901589e+00,6.786987e+00,4.505207e+00,6.339481e+00,1.667109e+01,2.938915e+00,2.441870e+00,8.453210e-01,1.527310e-01,2.691986e+01,1.608175e+01,8.281133e+00,4.275424e+01
3.405334e+00,7.772500e+01,1.218246e+00,4.113392e+02,3.617990e+01,2.969945e+00,5.128278e+00,2.911604e+00,6.813324e+00,4.528005e+00,6.066987e+00,1.670914e+01,2.900377e+00,2.445108e+00,8.185652e-01,1.481235e-01,2.704152e+01,1.615349e+01,8.335476e+00,4.289548e+01
3.513771e+00,8.020000e+01,1.212109e+00,4.204777e+02,3.725258e+01,2.968307e+00,5.123993e+00,2.921787e+00,6.839908e+00,4.550695e+00,5.791436e+00,1.674595e+01,2.864119e+00,2.448655e+00,7.935123e-01,1.438111e-01,2.716210e+01,1.622460e+01,8.389426e+00,4.303550e+01
3.622207e+00,8.267500e+01,1.206079e+00,4.294436e+02,3.832177e+01,2.966692e+00,5.121097e+00,2.932134e+00,6.866738e+00,4.573300e+00,5.512868e+00,1.678165e+01,2.829965e+00,2.452494e+00,7.700095e-01,1.397672e-01,2.728177e+01,1.629516e+01,8.443053e+00,4.317450e+01
3.730643e+00,8.515000e+01,1.200191e+00,4.381509e+02,3.938573e+01,2.965109e+00,5.120082e+00,2.942716e+00,6.893935e+00,4.595817e+00,5.229832e+00,1.681586e+01,2.798659e+00,2.456737e+00,7.485689e-01,1.360806e-01,2.740034e+01,1.636506e+01,8.496312e+00,4.331227e+01
3.839079e+00,8.762500e+01,1.194303e+00,4.468582e+02,4.044969e+01,2.963526e+00,5.119067e+00,2.953297e+00,6.921133e+00,4.618335e+00,4.946796e+00,1.685006e+01,2.767353e+00,2.460980e+00,7.271283e-01,1.323939e-01,2.751891e+01,1.643497e+01,8.549571e+00,4.345004e+01
3.947515e+00,9.010000e+01,1.188580e+00,4.552209e+02,4.150667e+01,2.961978e+00,5.120279e+00,2.964179e+00,6.948821e+00,4.640794e+00,4.657870e+00,1.688258e+01,2.739403e+00,2.465720e+00,7.080691e-01,1.291199e-01,2.763641e+01,1.650424e+01,8.602512e+00,4.358663e+01
4.055951e+00,9.257500e+01,1.182857e+00,4.635837e+02,4.256365e+01,2.960430e+00,5.121491e+00,2.975060e+00,6.976510e+00,4.663253e+00,4.368945e+00,1.691510e+01,2.711454e+00,2.470460e+00,6.890098e-01,1.258459e-01,2.775391e+01,1.657350e+01,8.655453e+00,4.372323e+01
4.164388e+00,9.505000e+01,1.177274e+00,4.716020e+02,4.361365e+01,2.958912e+00,5.124651e+00,2.986229e+00,7.004692e+00,4.685715e+00,4.074174e+00,1.694622e+01,2.686419e+00,2.475651e+00,6.719680e-01,1.229215e-01,2.787074e+01,1.664237e+01,8.708250e+00,4.385910e+01
4.272824e+00,9.752500e+01,1.171690e+00,4.796203e+02,4.466365e+01,2.957394e+00,5.127812e+00,2.997398e+00,7.032874e+00,4.708176e+00,3.779404e+00,1.697733e+01,2.661383e+00,2.480843e+00,6.549262e-01,1.199971e-01,2.798758e+01,1.671123e+01,8.761047e+00,4.399498e+01
4.381260e+00,nan,nan,nan,nan,nan,nan,nan,nan,nan,nan,nan,nan,nan,nan,nan,nan,nan,nan,nan
