# system_capacity,flowrate_MGD,LCOW,Total CAPEX (MGD),Total OPEX (MGD/year),SEC,Ozone_CAPEX_frac,Ozone_OPEX_frac,BAF_CAPEX_frac,BAF_OPEX_frac,UF_CAPEX_frac,UF_OPEX_frac,GAC_CAPEX_frac,GAC_OPEX_frac,UV_AOP_CAPEX_frac,UV_AOP_OPEX_frac,Cl_CAPEX_frac,Cl_OPEX_frac,Total_Opex_frac
4.381260e-02,1.000000e+00,5.467883e+00,4.003751e+01,2.139774e+00,2.285222e+00,1.487908e+01,2.937047e+00,5.837057e+00,1.684719e+00,6.365733e+00,3.869340e+00,5.444675e+00,2.008369e+01,1.377028e+01,2.981181e+00,1.887344e+01,3.273759e+00,3.482974e+01
2.606850e-01,5.950000e+00,2.329065e+00,5.939301e+01,9.631000e+00,2.285222e+00,7.284280e+00,2.101655e+00,4.866298e+00,2.422927e+00,7.454715e+00,7.785297e+00,3.945114e+00,4.561770e+01,8.451576e+00,2.858998e+00,6.143078e+00,1.068361e+00,6.185494e+01
4.775573e-01,1.090000e+01,2.025462e+00,7.711633e+01,1.709393e+01,2.285222e+00,5.459538e+00,1.910982e+00,4.663444e+00,2.624464e+00,7.523562e+00,8.770455e+00,3.604181e+00,5.229384e+01,6.259417e+00,2.687804e+00,3.578181e+00,6.241311e-01,6.891168e+01
6.944297e-01,1.585000e+01,2.021995e+00,9.379938e+01,2.662879e+01,2.285222e+00,4.372144e+00,1.724097e+00,4.112379e+00,2.430325e+00,6.964149e+00,8.686264e+00,3.265981e+00,5.806925e+01,4.987844e+00,2.630397e+00,2.346570e+00,4.105942e-01,7.395093e+01
9.113021e-01,2.080000e+01,1.838181e+00,1.098572e+02,3.197287e+01,2.285222e+00,4.177135e+00,1.786887e+00,4.550862e+00,2.789954e+00,7.181426e+00,9.471798e+00,3.383676e+00,5.751985e+01,4.384787e+00,2.526041e+00,1.894927e+00,3.326592e-01,7.442719e+01
1.128174e+00,2.575000e+01,1.793891e+00,1.250806e+02,3.939245e+01,2.285222e+00,3.881508e+00,1.761865e+00,4.535759e+00,2.836736e+00,6.933025e+00,9.631839e+00,3.339756e+00,5.891787e+01,3.888400e+00,2.483571e+00,1.521630e+00,2.680363e-01,7.589992e+01
1.345047e+00,3.070000e+01,1.761456e+00,1.395904e+02,4.679966e+01,2.285222e+00,3.677839e+00,1.746602e+00,4.531332e+00,2.873723e+00,6.661452e+00,9.739977e+00,3.313306e+00,5.998753e+01,3.523781e+00,2.453669e+00,1.266847e+00,2.239381e-01,7.702544e+01
1.561919e+00,3.565000e+01,1.735991e+00,1.534050e+02,5.419481e+01,2.285222e+00,3.530137e+00,1.737259e+00,4.533344e+00,2.904701e+00,6.374382e+00,9.816133e+00,3.297451e+00,6.085630e+01,3.243656e+00,2.432130e+00,1.082477e+00,1.920341e-01,7.793855e+01
1.778792e+00,4.060000e+01,1.714978e+00,1.665362e+02,6.157812e+01,2.285222e+00,3.419042e+00,1.731783e+00,4.539552e+00,2.931737e+00,6.076025e+00,9.871133e+00,3.288517e+00,6.159339e+01,3.021185e+00,2.416465e+00,9.432288e-01,1.679437e-01,7.871245e+01
1.995664e+00,4.555000e+01,1.696985e+00,1.789924e+02,6.894972e+01,2.285222e+00,3.333213e+00,1.728978e+00,4.548663e+00,2.956057e+00,5.768880e+00,9.911375e+00,3.284363e+00,6.223971e+01,2.839939e+00,2.405108e+00,8.345630e-01,1.491493e-01,7.939038e+01
2.212536e+00,5.050000e+01,1.681135e+00,1.907796e+02,7.630972e+01,2.285222e+00,3.265564e+00,1.728101e+00,4.559879e+00,2.978435e+00,5.454524e+00,9.940885e+00,3.283659e+00,6.282102e+01,2.689267e+00,2.397017e+00,7.475458e-01,1.341037e-01,7.999956e+01
2.429409e+00,5.545000e+01,1.666863e+00,2.019020e+02,8.365820e+01,2.285222e+00,3.211441e+00,1.728665e+00,4.572684e+00,2.999388e+00,5.133998e+00,9.962327e+00,3.285537e+00,6.335435e+01,2.561945e+00,2.391472e+00,6.763925e-01,1.218052e-01,8.055800e+01
2.646281e+00,6.040000e+01,1.653787e+00,2.123633e+02,9.099522e+01,2.285222e+00,3.167661e+00,1.730340e+00,4.586728e+00,3.019269e+00,4.808010e+00,9.977535e+00,3.289404e+00,6.385143e+01,2.452891e+00,2.387960e+00,6.171970e-01,1.115774e-01,8.107811e+01
2.863153e+00,6.535000e+01,1.641640e+00,2.221660e+02,9.832081e+01,2.285222e+00,3.131973e+00,1.732892e+00,4.601767e+00,3.038333e+00,4.477060e+00,9.987813e+00,3.294844e+00,6.432062e+01,2.358419e+00,2.386103e+00,5.672294e-01,1.029475e-01,8.156871e+01
3.080026e+00,7.030000e+01,1.630228e+00,2.313124e+02,1.056350e+02,2.285222e+00,3.102741e+00,1.736152e+00,4.617628e+00,3.056766e+00,4.141504e+00,9.994114e+00,3.301556e+00,6.476803e+01,2.275789e+00,2.385616e+00,5.245261e-01,9.557556e-02,8.203626e+01
3.296898e+00,7.525000e+01,1.619410e+00,2.398043e+02,1.129379e+02,2.285222e+00,3.078747e+00,1.739997e+00,4.634182e+00,3.074709e+00,3.801599e+00,9.997150e+00,3.309318e+00,6.519825e+01,2.202918e+00,2.386283e+00,4.876392e-01,8.921085e-02,8.248560e+01
3.513771e+00,8.020000e+01,1.609076e+00,2.476430e+02,1.202294e+02,2.285222e+00,3.059066e+00,1.744331e+00,4.651332e+00,3.092269e+00,3.457536e+00,9.997465e+00,3.317959e+00,6.561478e+01,2.138191e+00,2.387932e+00,4.554788e-01,8.366464e-02,8.292044e+01
3.730643e+00,8.515000e+01,1.599144e+00,2.548298e+02,1.275097e+02,2.285222e+00,3.042981e+00,1.749081e+00,4.669006e+00,3.109530e+00,3.109453e+00,9.995480e+00,3.327352e+00,6.602035e+01,2.080340e+00,2.390430e+00,4.272091e-01,7.879222e-02,8.334366e+01
3.947515e+00,9.010000e+01,1.589549e+00,2.613658e+02,1.347786e+02,2.285222e+00,3.029933e+00,1.754192e+00,4.687147e+00,3.126558e+00,2.757451e+00,9.991529e+00,3.337395e+00,6.641712e+01,2.028349e+00,2.393668e+00,4.021786e-01,7.448081e-02,8.375755e+01
4.164388e+00,9.505000e+01,1.580239e+00,2.672518e+02,1.420363e+02,2.285222e+00,3.019472e+00,1.759618e+00,4.705711e+00,3.143409e+00,2.401602e+00,9.985877e+00,3.348007e+00,6.680683e+01,1.981400e+00,2.397557e+00,3.798727e-01,7.064125e-02,8.416393e+01
4.381260e+00,1.000000e+02,1.571173e+00,2.724887e+02,1.492827e+02,2.285222e+00,3.011241e+00,1.765323e+00,4.724664e+00,3.160125e+00,2.041957e+00,9.978737e+00,3.359125e+00,6.719090e+01,1.938822e+00,2.402027e+00,3.598789e-01,6.720220e-02,8.456431e+01
