# toc conc,flowrate_MGD,LCOW,Total CAPEX (MGD),Total OPEX (MGD/year),SEC,Ozone_CAPEX_frac,Ozone_OPEX_frac,BAF_CAPEX_frac,BAF_OPEX_frac,UF_CAPEX_frac,UF_OPEX_frac,UV_AOP_CAPEX_frac,UV_AOP_OPEX_frac,Cl_CAPEX_frac,Cl_OPEX_frac,RO_CAPEX_frac,RO_OPEX_frac,brine_frac,Total_Opex_frac
7.000000e-03,5.000000e+00,2.248953e+00,6.285959e+01,3.094523e+00,3.296950e+00,7.866575e+00,2.247678e+00,5.966835e+00,2.755001e+00,9.644992e+00,9.721278e+00,9.684993e+00,2.731329e+00,9.443981e+00,1.640804e+00,1.694954e+01,1.022327e+01,1.112372e+01,2.931936e+01
7.650000e-03,5.000000e+00,2.251025e+00,6.291546e+01,3.099215e+00,3.304474e+00,7.908700e+00,2.287894e+00,5.961127e+00,2.752365e+00,9.635764e+00,9.711976e+00,9.675819e+00,2.728770e+00,9.434908e+00,1.639228e+00,1.693652e+01,1.021549e+01,1.111144e+01,2.933572e+01
8.300000e-03,5.000000e+00,2.253097e+00,6.297133e+01,3.103907e+00,3.311998e+00,7.950744e+00,2.328033e+00,5.955431e+00,2.749735e+00,9.626554e+00,9.702693e+00,9.666663e+00,2.726216e+00,9.425852e+00,1.637655e+00,1.692351e+01,1.020772e+01,1.109919e+01,2.935206e+01
8.950000e-03,5.000000e+00,2.255169e+00,6.302717e+01,3.108597e+00,3.319519e+00,7.992711e+00,2.368096e+00,5.949747e+00,2.747111e+00,9.617365e+00,9.693431e+00,9.657527e+00,2.723667e+00,9.416818e+00,1.636086e+00,1.691051e+01,1.019996e+01,1.108698e+01,2.936835e+01
9.600000e-03,5.000000e+00,2.257241e+00,6.308170e+01,3.113204e+00,3.326903e+00,8.034709e+00,2.408116e+00,5.944157e+00,2.744530e+00,9.608327e+00,9.684322e+00,9.648508e+00,2.721140e+00,9.407947e+00,1.634544e+00,1.689655e+01,1.019158e+01,1.107556e+01,2.938424e+01
1.025000e-02,5.000000e+00,2.259313e+00,6.313421e+01,3.117683e+00,3.334074e+00,8.076803e+00,2.448114e+00,5.938705e+00,2.742013e+00,9.599514e+00,9.675438e+00,9.639659e+00,2.718645e+00,9.399318e+00,1.633045e+00,1.688111e+01,1.018227e+01,1.106536e+01,2.939953e+01
1.090000e-02,5.000000e+00,2.261385e+00,6.318666e+01,3.122159e+00,3.341239e+00,8.118825e+00,2.488041e+00,5.933267e+00,2.739502e+00,9.590722e+00,9.666576e+00,9.630831e+00,2.716155e+00,9.390712e+00,1.631550e+00,1.686565e+01,1.017295e+01,1.105522e+01,2.941477e+01
1.155000e-02,5.000000e+00,2.263457e+00,6.323911e+01,3.126634e+00,3.348403e+00,8.160770e+00,2.527894e+00,5.927839e+00,2.736996e+00,9.581947e+00,9.657732e+00,9.622019e+00,2.713669e+00,9.382122e+00,1.630058e+00,1.685022e+01,1.016364e+01,1.104510e+01,2.942999e+01
1.220000e-02,5.000000e+00,2.265529e+00,6.329155e+01,3.131109e+00,3.355567e+00,8.202639e+00,2.567674e+00,5.922422e+00,2.734494e+00,9.573189e+00,9.648903e+00,9.613224e+00,2.711188e+00,9.373549e+00,1.628568e+00,1.683481e+01,1.015435e+01,1.103499e+01,2.944517e+01
1.285000e-02,5.000000e+00,2.267600e+00,6.334399e+01,3.135584e+00,3.362731e+00,8.244432e+00,2.607382e+00,5.917014e+00,2.731998e+00,9.564446e+00,9.640091e+00,9.604445e+00,2.708712e+00,9.364990e+00,1.627081e+00,1.681943e+01,1.014507e+01,1.102491e+01,2.946033e+01
1.350000e-02,5.000000e+00,2.269672e+00,6.339643e+01,3.140058e+00,3.369895e+00,8.286149e+00,2.647018e+00,5.911616e+00,2.729505e+00,9.555720e+00,9.631295e+00,9.595682e+00,2.706240e+00,9.356448e+00,1.625597e+00,1.680408e+01,1.013581e+01,1.101485e+01,2.947546e+01
1.415000e-02,5.000000e+00,2.271744e+00,6.344887e+01,3.144533e+00,3.377059e+00,8.327789e+00,2.686581e+00,5.906229e+00,2.727018e+00,9.547009e+00,9.622516e+00,9.586935e+00,2.703772e+00,9.347921e+00,1.624115e+00,1.678875e+01,1.012656e+01,1.100480e+01,2.949057e+01
1.480000e-02,5.000000e+00,2.273816e+00,6.350131e+01,3.149008e+00,3.384223e+00,8.369354e+00,2.726072e+00,5.900851e+00,2.724535e+00,9.538315e+00,9.613752e+00,9.578204e+00,2.701309e+00,9.339410e+00,1.622637e+00,1.677346e+01,1.011734e+01,1.099477e+01,2.950564e+01
1.545000e-02,5.000000e+00,2.275888e+00,6.355375e+01,3.153483e+00,3.391387e+00,8.410843e+00,2.765491e+00,5.895482e+00,2.722056e+00,9.529636e+00,9.605004e+00,9.569488e+00,2.698851e+00,9.330914e+00,1.621161e+00,1.675819e+01,1.010813e+01,1.098476e+01,2.952069e+01
1.610000e-02,5.000000e+00,2.277960e+00,6.360619e+01,3.157958e+00,3.398551e+00,8.452256e+00,2.804839e+00,5.890124e+00,2.719582e+00,9.520973e+00,9.596272e+00,9.560789e+00,2.696397e+00,9.322434e+00,1.619687e+00,1.674294e+01,1.009893e+01,1.097477e+01,2.953571e+01
1.675000e-02,5.000000e+00,2.280032e+00,6.365863e+01,3.162433e+00,3.405715e+00,8.493595e+00,2.844115e+00,5.884775e+00,2.717112e+00,9.512326e+00,9.587556e+00,9.552105e+00,2.693947e+00,9.313969e+00,1.618217e+00,1.672773e+01,1.008976e+01,1.096480e+01,2.955070e+01
1.740000e-02,5.000000e+00,2.282104e+00,6.371107e+01,3.166908e+00,3.412879e+00,8.534858e+00,2.883320e+00,5.879436e+00,2.714647e+00,9.503694e+00,9.578856e+00,9.543438e+00,2.691502e+00,9.305520e+00,1.616749e+00,1.671254e+01,1.008060e+01,1.095484e+01,2.956567e+01
1.805000e-02,5.000000e+00,2.284176e+00,6.376351e+01,3.171382e+00,3.420042e+00,8.576047e+00,2.922454e+00,5.874107e+00,2.712187e+00,9.495078e+00,9.570171e+00,9.534786e+00,2.689062e+00,9.297086e+00,1.615283e+00,1.669738e+01,1.007145e+01,1.094490e+01,2.958061e+01
1.870000e-02,5.000000e+00,2.286248e+00,6.381595e+01,3.175857e+00,3.427206e+00,8.617161e+00,2.961517e+00,5.868787e+00,2.709730e+00,9.486478e+00,9.561503e+00,9.526149e+00,2.686626e+00,9.288667e+00,1.613821e+00,1.668225e+01,1.006233e+01,1.093498e+01,2.959552e+01
1.935000e-02,5.000000e+00,2.288320e+00,6.386839e+01,3.180332e+00,3.434370e+00,8.658200e+00,3.000509e+00,5.863477e+00,2.707279e+00,9.477893e+00,9.552850e+00,9.517528e+00,2.684194e+00,9.280263e+00,1.612360e+00,1.666715e+01,1.005321e+01,1.092508e+01,2.961041e+01
2.000000e-02,5.000000e+00,2.290392e+00,6.392083e+01,3.184807e+00,3.441534e+00,8.699166e+00,3.039431e+00,5.858177e+00,2.704831e+00,9.469324e+00,9.544212e+00,9.508923e+00,2.681766e+00,9.271875e+00,1.610903e+00,1.665207e+01,1.004412e+01,1.091520e+01,2.962526e+01
